Host,Delta
.123-hd.com,4
.18comic.vip,0
.1c.ru,4
.1c.ru,4
.1stkissmanga.me,34
.247sports.com,4
.24h.com.vn,87
.2miners.com,4
.4shared.com,0
.8x8.com,62
.9animetv.to,4
.9gag.com,0
.a-ads.com,0
.a2hosting.com,2
.aaa.com,0
.aarp.org,25
.abb.com,0
.abc.com,2
.abc.net.au,2
.about.me,1
.abtasty.com,4
.academic.oup.com,0
.acast.com,0
.account.dyn.com,2
.account.dyn.com,10
.acint.net,5
.acronis.com,0
.acs.org,14
.activehosted.com,1
.activision.com,0
.actu.fr,0
.adblockplus.org,0
.adguard.com,0
.adityabirlacapital.com,18
.adityabirlacapital.com,18
.adkernel.com,0
.adlightning.com,2
.adnxs.com,2
.adobe.com,6
.adobe.com,13
.adobe.com,36
.adobe.com,38
.adobe.com,42
.adobe.com,48
.adobe.com,50
.adobe.com,41
.adobe.com,16
.adriver.ru,2
.adriver.ru,8
.adskeeper.com,#N/A
.adtelligent.com,2
.adultfriendfinder.com,0
.advancedhosting.com,0
.affirm.com,9
.afreecatv.com,0
.aftonbladet.se,4
.ag.gov.au,0
.agora.io,0
.ahajournals.org,0
.ahcdn.com,4
.ahrefs.com,0
.ai-lawandorder.com,0
.aif.ru,11
.aimtell.com,6
.airbnb.com,4
.ajc.com,0
.ajio.com,12
.akismet.com,0
.alamy.com,11
.algolia.com,44
.alibaba.com,111
.alibaba.com,161
.alibabacloud.com,1
.aliexpress.com,115
.aliexpress.com,108
.aliexpress.ru,3
.alipay.com,0
.alipaydns.com,0
.aljazeera.com,0
.allegro.pl,0
.alliance4creativity.com,0
.allrecipes.com,4
.ally.com,9
.ama-assn.org,18
.amap.com,2
.amazon.ca,2
.amazon.co.uk,0
.amazon.com,2
.amazon.com,18
.amazon.com,18
.amazon.com,20
.amazon.com,20
.amazon.com.au,16
.amazon.com.br,1
.amazon.com.mx,2
.amazon.com.tr,1
.amazon.de,0
.amazon.de,2
.amazon.eg,10
.amazon.es,0
.amazon.fr,0
.amazon.in,21
.amazon.it,0
.amazon.nl,0
.amazonaws.cn,2
.ameblo.jp,0
.americanas.com.br,2
.americanexpress.com,10
.aminoapps.com,103
.amocrm.ru,19
.amplitude.com,0
.ancestry.com,10
.androidwaves.com,0
.angelfire.lycos.com,0
.animanch.com,2
.animeflv.net,1
.annunci69.it,3
.aol.ca,1
.aol.co.uk,1
.aol.com,1
.aol.com,1
.aol.com,1
.ap.org,8
.apa.org,0
.apachefriends.org,0
.aparat.com,4
.apkcombo.com,9
.apkpure.com,0
.apnic.net,7
.app-ab11.marketo.com,0
.app-ab20.marketo.com,1
.app-ab26.marketo.com,2
.app-ab31.marketo.com,13
.app-ab33.marketo.com,9
.app-ab48.marketo.com,0
.app-abd.marketo.com,0
.app-sj21.marketo.com,0
.app-sj30.marketo.com,2
.app-sjo.marketo.com,0
.appcenter.ms,16
.appcenter.ms,12
.apple.com,2
.apple.com,2
.apple.com,2
.apple.com,3
.apple.com,4
.apple.com,4
.apple.com,4
.apple.com,4
.apple.com,4
.apple.com,5
.aquamanga.com,Delta
.arbada.com,0
.arca.live,0
.archdaily.com,#N/A
.archiveofourown.org,3
.arduino.cc,0
.arin.net,0
.arlo.com,4
.arnebrachhold.de,0
.artstation.com,5
.arubanetworks.com,0
.asahi.com,#N/A
.ask.com,1
.asos.com,12
.asu.edu,1
.athemes.com,2
.atlassian.com,2
.atlassian.com,2
.atlassian.com,8
.atlassian.com,29
.att.com,13
.att.com,72
.attentive.com,1
.audible.com,0
.auone.jp,2
.autoplius.lt,126
.autoscout24.de,7
.autotrader.co.uk,1
.av19.org,0
.avg.com,1
.aviasales.com,15
.aviasales.ru,9
.avito.ru,8
.avito.ru,1
.avto.net,0
.aws.amazon.com,4
.aws.amazon.com,6
.aws.amazon.com,6
.aws.amazon.com,6
.aws.amazon.com,22
.aws.amazon.com,124
.axios.com,13
.az24.vn,10
.azcentral.com,0
.aznude.com,0
.backblaze.com,0
.backtrace.io,#N/A
.badoo.com,7
.baidu.com,#N/A
.baidu.com,#N/A
.baidu.com,#N/A
.baidu.com,#N/A
.baltimoresun.com,0
.bamboohr.com,16
.banahosting.com,4
.banco.bradesco,3
.bandcamp.com,3
.bankofamerica.com,7
.bankrate.com,2
.barnesandnoble.com,0
.barracuda.com,1
.barracuda.com,3
.barracudacentral.org,0
.barrons.com,7
.bato.to,0
.battle.net,0
.battwo.com,2
.bbb.org,0
.bbc.co.uk,#N/A
.bbc.co.uk,#N/A
.bbc.co.uk,#N/A
.bbc.com,4
.bbc.com,8
.beboo.ru,4
.bedbathandbeyond.com,13
.bell.ca,6
.bestbuy.com,0
.bet365.com,42
.betano.com,0
.betfair.com,0
.betnacional.com,0
.betway.co.za,4
.bfmtv.com,0
.bhg.com,0
.bidmachine.io,0
.bigcartel.com,2
.biglobe.ne.jp,40
.bigo.sg,0
.bigthink.com,2
.bild.de,2
.bilibili.com,4
.bilibili.com,4
.bilibili.tv,0
.binance.com,6
.bing.com,12
.bing.com,8
.bing.com,4
.bing.com,35
.biomedcentral.com,0
.bit.ly,2
.bitbucket.org,0
.bitly.com,0
.bitly.com,0
.bitly.com,0
.bitly.com,0
.bitly.com,0
.bitly.com,0
.bitwarden.com,0
.bizjournals.com,8
.blackberry.com,1
.blackberry.com,7
.bleacherreport.com,0
.blick.ch,0
.blog.google,0
.blog.google,0
.blogger.com,0
.blogger.com,0
.blogger.com,0
.blogger.com,0
.blogger.com,0
.bloomberg.com,7
.bloomberg.com,7
.bloomberg.com,11
.bls.gov,#N/A
.bluecore.com,2
.bluehost.com,3
.bluehost.com,9
.bmj.com,2
.boatrace.jp,9
.bodis.com,0
.bolasport.com,#N/A
.bom.gov.au,4
.bongacams.com,0
.booking.com,36
.booking.com,32
.bookmyshow.com,9
.bootstrapcdn.com,0
.boston.com,88
.box.com,52
.box.com,89
.boyfriendtv.com,6
.brainly.co.id,0
.brainly.com.br,2
.brainly.in,0
.brainly.lat,0
.braze.com,15
.braze.com,19
.braze.com,24
.breitbart.com,6
.brightcove.com,5
.britannica.com,13
.brookings.edu,4
.brown.edu,1
.bt.com,0
.bugsnag.com,0
.businesswire.com,2
.buydomains.com,0
.buzzfeed.com,3
.buzzfeed.com,3
.buzzfeednews.com,4
.buzzoola.com,4
.buzzsprout.com,0
.bybit.com,11
.byjus.com,0
.bytedance.com,6
.ca.gov,0
.ca.gov,0
.calameo.com,0
.calendly.com,5
.calendly.com,12
.calendly.com,50
.calendly.com,76
.calendly.com,82
.callofduty.com,1
.caltech.edu,2
.cambridge.org,7
.cancer.gov,4
.cancer.org,9
.caniuse.com,0
.canva.com,2
.canva.com,2
.capitalone.com,41
.capitaloneshopping.com,1
.carsensor.net,2
.cartoonnetwork.co.uk,0
.cat.com,0
.cbr.ru,19
.cbs.com,0
.cbsnews.com,6
.cbsnews.com,8
.cbsnews.com,18
.cbssports.com,0
.cctv.com,18
.cdc.gov,3
.cdc.gov,5
.cdiscount.com,6
.centurylink.com,0
.change.org,2
.channel4.com,13
.character.ai,0
.chartbeat.com,6
.chartbeat.com,2
.chartboost.com,0
.chase.com,16
.chaturbate.com,78
.chegg.com,9
.chess.com,0
.chicagotribune.com,8
.chimpstatic.com,0
.china.com.cn,0
.chinadaily.com.cn,0
.chinaz.com,1
.chosun.com,5
.churchofjesuschrist.org,4
.cia.gov,0
.cision.com,2
.citi.com,54
.citrix.com,1
.clarin.com,28
.clevelandclinic.org,0
.clever.com,0
.clickup.com,#N/A
.clinicaltrials.gov,0
.cloud.com,2
.cloud.tencent.com,0
.cloudflare.com,2
.cloudflare.com,2
.cloudflare.com,28
.cloudflare.com,126
.cloudflare.com,126
.cloudflare.net,0
.cloudflare.net,0
.cloudflare.net,0
.cloudinary.com,4
.cmoa.jp,70
.cms.gov,10
.cnbc.com,5
.cnbc.com,1
.cnet.com,2
.cnet.com,2
.cnn.com,2
.cnn.com,2
.code42.com,51
.codecademy.com,4
.coffeemanga.io,111
.coinbase.com,0
.coindesk.com,2
.coingecko.com,2
.coinpayu.com,0
.cointelegraph.com,4
.collegeboard.org,4
.collinsdictionary.com,4
.colorlib.com,0
.colostate.edu,1
.comeet.co,0
.comfortel.pro,6
.comfortel.pro,4
.comfortel.pro,4
.comodo.com,0
.component-library.roche.com,0
.conectate.com.do,12
.congress.gov,1
.consultant.ru,3
.consultant.ru,1
.consumerreports.org,19
.conviva.com,4
.cookielaw.org,0
.cookieyes.com,1
.cornell.edu,0
.cos-rd.com,0
.coupang.com,21
.coursera.org,12
.cox.com,0
.cpi.ad.jp,4
.craigslist.org,0
.crazygames.com,0
.createjs.com,0
.creditkarma.com,3
.cricbuzz.com,5
.crowdstrike.com,0
.crownpeak.com,0
.crownpeak.com,0
.crpt.ru,0
.crunchyroll.com,26
.csdn.net,29
.ctvnews.ca,#N/A
.cuny.edu,3
.cybersecurity.arcticwolf.com,2
.cybersource.com,0
.czbooks.net,7
.dagbladet.no,29
.dailymail.co.uk,4
.dailymail.co.uk,4
.dailymotion.com,0
.dailymotion.com,0
.dallasnews.com,119
.dantri.com.vn,34
.dashlane.com,0
.databricks.com,2
.datastax.com,7
.datto.com,0
.dcinside.com,2
.dealertrack.com,1
.deepintent.com,#N/A
.deepl.com,2
.deere.com,5
.deezer.com,4
.defense.gov,0
.dell.com,12
.dell.com,14
.delta.com,76
.denverpost.com,37
.depositphotos.com,0
.detik.com,#N/A
.developers.hubspot.com,0
.deviantart.com,1
.deviantart.com,1
.dhgate.com,14
.dhl.com,2
.dhs.gov,0
.digg.com,2
.digicert.com,3
.digicert.com,3
.digicert.com,3
.digital.com,0
.digitalocean.com,0
.digitalocean.com,0
.digitalocean.com,0
.digitaltrends.com,10
.diigo.com,0
.diretta.it,1
.discordapp.com,6
.discover.com,5
.disney.com,2
.disneyplus.com,0
.distmed.com,4
.dlsite.com,16
.dmg.digitaltarget.ru,46
.dmm.co.jp,7
.dmm.com,18
.dns-shop.ru,0
.dnsmadeeasy.com,#N/A
.dnsmadeeasy.com,#N/A
.dnspod.com,0
.dol.gov,0
.domaindiscount24.com,0
.domainmarket.com,0
.donga.com,4
.dooood.com,0
.doordash.com,0
.doramy.club,0
.dotdashmeredith.com,0
.douban.com,0
.doubleclick.net,41
.doubleclick.net,61
.doubleclick.net,69
.doubleclick.net,108
.doubleverify.com,0
.doubleverify.com,0
.doximity.com,9
.dpbossnet.com,0
.draftkings.com,4
.dreamstime.com,0
.drift.com,0
.drom.ru,4
.drom.ru,4
.dropcatch.com,0
.drweb.com,4
.dstillery.com,2
.dto.to,0
.duke.edu,0
.duo.com,0
.dw.com,0
.dynatrace.com,5
.dyson.com,3
.dzen.ru,19
.dzen.ru,17
.dzen.ru,15
.dzen.ru,15
.dzen.ru,8
.e-volution.ai,0
.earlywarning.com,0
.earnest.com,0
.earthlink.net,2
.eatingwell.com,0
.ebay.ca,1
.ebay.co.uk,19
.ebay.com,14
.ebay.com,28
.ebay.com.au,1
.ebay.de,38
.ebay.it,25
.economist.com,6
.ecosia.org,0
.ed.gov,4
.edge.permutive.com,0
.edna.ru,3
.edna.ru,3
.edx.org,1
.eepurl.com,0
.egnyte.com,2
.ekartlogistics.com,4
.elastic.co,0
.elconfidencial.com,24
.elcorteingles.es,36
.elegantthemes.com,7
.elmundo.es,4
.elsevier.com,8
.eltiempo.com,104
.eltiempo.es,8
.eluniversal.com.mx,#N/A
.emag.ro,5
.emirates.com,0
.emojipedia.org,#N/A
.enable-javascript.com,0
.energy.gov,2
.engadget.com,1
.envato.com,18
.eonline.com,2
.epa.gov,0
.escort.club,0
.escortbabylon.net,4
.eset.com,0
.eset.com,0
.ethz.ch,0
.etsy.com,4
.etsy.com,6
.eurodns.com,3
.euronews.com,5
.eventbrite.co.uk,3
.eventbrite.com,5
.eventbrite.com,5
.evernote.com,0
.everydayhealth.com,13
.evotor.ru,8
.exertis.com,0
.exhentai.org,0
.expedia.com,1
.experian.com,9
.explore.onetrust.com,0
.express.co.uk,8
.expressen.se,3
.ey.com,2
.ezoic.com,34
.ezviz.com,0
.fanbox.cc,0
.fandango.com,0
.fandom.com,5
.fandom.com,14
.fandomwire.com,0
.fanfiction.net,9
.fanpage.it,4
.faphouse.com,0
.faqs.org,0
.fararu.com,4
.farfetch.com,11
.farpost.ru,0
.fastcompany.com,22
.fastly.com,4
.fastly.com,0
.fastly.com,0
.fastlylabs.com,0
.faz.net,0
.fbi.gov,0
.fbi.gov,17
.fc2.com,0
.fda.gov,0
.federalreserve.gov,0
.feedburner.google.com,0
.felenasoft.com,0
.fema.gov,2
.ficbook.net,10
.figma.com,0
.files.com,0
.filmyzilla.com.ec,0
.filmyzilla.com.pk,#N/A
.findagrave.com,0
.findlaw.com,3
.finn.no,16
.firstvds.ru,6
.flashscore.com,1
.flashscore.com.br,3
.flashscore.mobi,0
.flic.kr,0
.flickr.com,13
.flickr.com,15
.flickr.com,15
.flightradar24.com,8
.flipboard.com,2
.flipkart.com,5
.flipsnack.com,0
.fluct.jp,0
.focus.de,2
.fonts.net,1
.fonts.net,23
.fonts.net,61
.fonts.net,65
.fonts.net,77
.fonts.net,89
.fonts.net,89
.fonts.net,89
.fonts.net,106
.fonts.net,106
.fonts.net,117
.fonts.net,120
.fonts.net,122
.fonts.net,122
.fool.com,0
.forbes.com,0
.forbes.com,2
.ford.com,26
.foreca.fi,0
.foreignpolicy.com,2
.formula1.com,4
.forter.com,0
.forter.com,1
.fortnite.com,0
.fortune.com,0
.fotostrana.ru,9
.foursquare.com,45
.fox.com,2
.foxbusiness.com,6
.foxnews.com,3
.foxnews.com,7
.fpo.xxx,2
.francetvinfo.fr,0
.freep.com,0
.freshworks.com,5
.freshworks.com,48
.freshworks.com,54
.frontiersin.org,0
.ft.com,3
.ft.com,3
.ftc.gov,12
.funnyjunk.com,19
.furaffinity.net,0
.futbin.com,33
.g.co,0
.g.page,1
.g.page,1
.gameanalytics.com,0
.gameloft.com,0
.gamer.com.tw,1
.gamestop.com,13
.gamewith.jp,4
.gandi.net,0
.gandi.net,0
.gandi.net,0
.gap.com,0
.garant.ru,15
.gartner.com,5
.gazeta.ru,6
.gazzetta.it,1
.ge.com,0
.geeksforgeeks.org,0
.geico.com,12
.gekso.xyz,0
.gene.com,0
.geotrust.com,3
.get.sendbird.com,#N/A
.get.sketchup.com,20
.getbootstrap.com,0
.getfeedback.com,2
.getpocket.com,0
.getyourguide.com,2
.gfycat.com,4
.giftcards.com,2
.gifts.com,11
.giphy.com,0
.giphy.com,0
.girlschannel.net,0
.gitbook.com,6
.gitlab.com,0
.glassdoor.com,22
.globenewswire.com,#N/A
.globo.com,47
.globo.com,56
.gm.com,16
.go.greenhouse.com,3
.go.mountain.com,5
.go.ogury.com,2
.go2.medallia.com,2
.goal.com,4
.gocardless.com,10
.godaddy.com,4
.godaddy.com,6
.gofundme.com,10
.gog.com,0
.goguardian.com,15
.goldmansachs.com,4
.goodrx.com,0
.google.ad,0
.google.ae,0
.google.al,0
.google.am,0
.google.as,0
.google.at,0
.google.az,0
.google.ba,0
.google.be,0
.google.bf,0
.google.bg,0
.google.bi,0
.google.bj,0
.google.bs,0
.google.bt,0
.google.by,0
.google.ca,0
.google.ca,0
.google.cat,0
.google.cd,0
.google.cf,0
.google.cg,0
.google.ch,0
.google.ci,0
.google.cl,0
.google.cm,0
.google.co.ao,0
.google.co.bw,0
.google.co.ck,0
.google.co.cr,0
.google.co.id,0
.google.co.il,0
.google.co.in,0
.google.co.jp,2
.google.co.jp,2
.google.co.ke,2
.google.co.kr,0
.google.co.ls,0
.google.co.ma,0
.google.co.mz,0
.google.co.nz,0
.google.co.th,0
.google.co.tz,0
.google.co.ug,0
.google.co.uk,0
.google.co.uk,0
.google.co.uz,0
.google.co.ve,0
.google.co.vi,0
.google.co.za,0
.google.co.zm,0
.google.co.zw,0
.google.com,3
.google.com,29
.google.com,31
.google.com,35
.google.com,39
.google.com,39
.google.com,39
.google.com,39
.google.com,39
.google.com,39
.google.com,39
.google.com,39
.google.com,39
.google.com,39
.google.com,39
.google.com,39
.google.com,39
.google.com,39
.google.com.af,0
.google.com.ag,0
.google.com.ai,0
.google.com.ar,0
.google.com.au,0
.google.com.bd,0
.google.com.bh,0
.google.com.bn,0
.google.com.bo,0
.google.com.br,2
.google.com.br,2
.google.com.bz,0
.google.com.co,0
.google.com.cu,0
.google.com.cy,0
.google.com.do,0
.google.com.ec,0
.google.com.eg,0
.google.com.et,0
.google.com.fj,0
.google.com.gh,0
.google.com.gi,0
.google.com.gt,0
.google.com.hk,0
.google.com.jm,0
.google.com.kh,0
.google.com.kw,0
.google.com.lb,2
.google.com.ly,0
.google.com.mm,0
.google.com.mt,0
.google.com.mx,0
.google.com.my,0
.google.com.na,0
.google.com.nf,0
.google.com.ng,0
.google.com.ni,0
.google.com.np,0
.google.com.om,0
.google.com.pa,0
.google.com.pe,0
.google.com.pg,0
.google.com.ph,0
.google.com.pk,0
.google.com.pr,0
.google.com.py,0
.google.com.qa,0
.google.com.sa,0
.google.com.sb,0
.google.com.sg,0
.google.com.sl,0
.google.com.sv,0
.google.com.tj,0
.google.com.tr,0
.google.com.tw,0
.google.com.ua,0
.google.com.uy,0
.google.com.vc,0
.google.com.vn,0
.google.cv,0
.google.cz,0
.google.de,0
.google.de,0
.google.dj,0
.google.dk,0
.google.dm,0
.google.dz,0
.google.ee,0
.google.es,0
.google.es,0
.google.fi,0
.google.fm,0
.google.fr,0
.google.fr,0
.google.ga,0
.google.ge,0
.google.gg,0
.google.gl,0
.google.gm,0
.google.gp,0
.google.gr,2
.google.gy,0
.google.hn,0
.google.hr,2
.google.ht,0
.google.hu,0
.google.ie,0
.google.im,0
.google.iq,0
.google.is,0
.google.it,2
.google.it,2
.google.je,0
.google.jo,0
.google.kg,0
.google.ki,0
.google.kz,0
.google.la,0
.google.li,0
.google.lk,0
.google.lt,0
.google.lu,0
.google.lv,0
.google.md,0
.google.me,0
.google.mg,0
.google.mk,0
.google.ml,0
.google.mn,0
.google.ms,0
.google.mu,0
.google.mv,0
.google.mw,0
.google.ne,0
.google.nl,0
.google.no,0
.google.nr,0
.google.nu,0
.google.org,0
.google.pl,0
.google.pn,0
.google.ps,0
.google.pt,0
.google.ro,0
.google.rs,0
.google.ru,0
.google.rw,0
.google.sc,0
.google.se,0
.google.sh,0
.google.si,0
.google.sk,0
.google.sm,0
.google.sn,0
.google.so,0
.google.sr,0
.google.st,0
.google.td,0
.google.tg,0
.google.tk,0
.google.tl,0
.google.tm,0
.google.tn,0
.google.to,0
.google.tt,0
.google.vg,0
.google.vu,0
.google.ws,0
.googleblog.com,0
.googleblog.com,0
.googleblog.com,0
.gopro.com,4
.goto.symphony.com,0
.gpo.gov,0
.gq.com,0
.grammarly.com,2
.grammarly.com,0
.granicus.com,0
.grapee.jp,#N/A
.gravatar.com,0
.gravatar.com,0
.gravatar.com,0
.greenpeace.org,0
.grindr.com,0
.group.accor.com,2
.gsmarena.com,0
.gumgum.com,0
.gumgum.com,0
.gumgum.com,0
.gumroad.com,0
.halktv.com.tr,0
.happymail.co.jp,5
.happymh.com,0
.happymod.com,0
.harvard.edu,0
.harvard.edu,0
.hatena.ne.jp,6
.hatenablog.com,39
.hawaii.edu,0
.hbo.com,4
.hbo.com,320
.hbr.org,35
.hdtube.porn,0
.he.net,0
.healthline.com,2
.healthline.com,2
.hello.cvent.com,1
.hellomagazine.com,0
.helpshift.com,64
.hentai.name,0
.hepsiburada.com,6
.hh.ru,38
.hilton.com,6
.hindawi.com,4
.hindustantimes.com,31
.hinet.net,#N/A
.histats.com,0
.history.co.uk,2
.hltv.org,0
.hm.baidu.com,20
.hm.baidu.com,20
.hm.baidu.com,20
.hm.baidu.com,22
.hm.baidu.com,24
.hm.baidu.com,26
.hm.baidu.com,26
.hm.baidu.com,26
.hm.baidu.com,26
.hm.com,0
.hnext.jp,4
.hollywoodbets.net,1
.hollywoodreporter.com,0
.homedepot.com,0
.homedepot.com,0
.homestead.com,51
.honeywell.com,1
.hopkinsmedicine.org,0
.hosteurope.de,6
.hostgator.com,13
.hostgator.com,15
.hostgator.com.br,0
.hostpoint.ch,4
.hotels.com,12
.hotjar.com,0
.hotjar.com,0
.hotmart.com,30
.house.gov,3
.howstuffworks.com,0
.hoyolab.com,#N/A
.hpe.com,5
.hqporner.com,4
.hse.ru,15
.hto.to,2
.hubpages.com,0
.hubspot.com,0
.hubspot.com,4
.hubspot.com,13
.hubspot.com,16
.hubspot.com,22
.hubspot.net,1
.huggingface.co,1
.hulu.com,2
.humoruniv.com,0
.huntress.io,1
.hyprmx.com,0
.iastate.edu,1
.ibm.com,0
.ibm.com,14
.icanhazip.com,0
.icbc.com.cn,4
.icicibank.com,8
.ico.org.uk,0
.icq.com,0
.idealista.com,0
.idealista.it,0
.idnes.cz,76
.idokep.hu,0
.iea.org,0
.ietf.org,0
.ihc.ru,4
.iherb.com,10
.ihg.com,4
.ijavhd.com,0
.ikea.com,10
.illinois.edu,0
.illinois.edu,0
.ilmeteo.it,#N/A
.ilovepdf.com,0
.imagefap.com,0
.imageshack.com,0
.imageshack.com,0
.imdb.com,0
.imdb.com,0
.imf.org,8
.imgbb.com,0
.imgsrc.ru,6
.imgur.com,74
.imgur.com,76
.immunet.com,0
.impots.gouv.fr,0
.imrworldwide.com,12
.in.gov,4
.in.treasuredata.com,0
.inc.com,0
.income.com.sg,20
.indeed.com,5
.indeed.com,7
.indeed.tech,0
.independent.ie,0
.index.hu,5
.indiamart.com,1
.indianexpress.com,#N/A
.info.blend.com,4
.infogram.com,0
.infolinks.com,12
.inleed.se,0
.inps.it,#N/A
.instana.io,0
.instructables.com,2
.insurads.com,0
.int08h.com,0
.intel.com,38
.intel.com,33
.intercom.com,0
.intercom.com,0
.intercom.com,2
.interia.pl,7
.intermedia.com,9
.intuit.com,1
.intuit.com,7
.intuit.com,13
.inven.co.kr,0
.investing.com,5
.investopedia.com,6
.iop.org,0
.iowa.gov,0
.ipify.org,#N/A
.ipify.org,#N/A
.ipinfo.io,0
.iporntv.net,6
.ipvanish.com,0
.iqiyi.com,32
.irs.gov,0
.is.com,13
.is.com,17
.is.com,22
.isc.org,0
.iseeme.com,2
.issuu.com,0
.issuu.com,0
.itch.io,4
.iterable.com,#N/A
.itmedia.co.jp,41
.itv.com,0
.ivanti.com,4
.ivi.tv,6
.ivi.tv,4
.jable.tv,1
.jakarta.go.id,0
.jamanetwork.com,3
.jd.com,0
.jetbrains.com,0
.jhu.edu,24
.jimdo.com,10
.jimdo.com,10
.jino.ru,4
.jiocinema.com,0
.joinhoney.com,0
.joinhoney.com,0
.jotform.com,3
.jpost.com,17
.js.users.51.la,0
.juicyads.com,17
.juicyads.com,4
.jusbrasil.com.br,2
.just-eat.co.uk,0
.justdial.com,2
.justia.com,0
.justpaste.it,0
.jut.su,3
.jutarnji.hr,2
.jwplayer.com,0
.jwplayer.com,3
.kaltura.com,0
.kambistories.com,3
.kbb.com,11
.kemono.party,0
.keplr.app,0
.keycdn.com,0
.khabaronline.ir,3
.kia.com,2
.kick.com,1
.kickstarter.com,0
.kinoafisha.info,65
.kinopoisk.ru,94
.kiwi.com,2
.klaviyo.com,0
.ko-fi.com,0
.kohls.com,34
.kolesa.kz,20
.kompas.com,335
.kp.ru,1
.kwai.com,0
.lacasadelosfamososmexico.tv,0
.ladbrokes.com,3
.ladies.de,0
.lanacion.com.ar,2
.larkplayer.com,#N/A
.last.fm,0
.lastampa.it,0
.lastpass.com,93
.latamairlines.com,12
.lazada.co.id,7
.lazada.co.th,3
.lazada.com.ph,9
.lazada.vn,14
.leap.yotpo.com,#N/A
.leboncoin.fr,0
.lectortmo.com,3
.lefigaro.fr,0
.lego.com,12
.leiniao.com,0
.lemonde.fr,0
.lenovo.com.cn,#N/A
.lenovomm.com,0
.lenta.ru,9
.leparisien.fr,57
.lequipe.fr,3
.letour.fr,0
.letterboxd.com,0
.lg.com,43
.lg.com,2
.libero.it,#N/A
.lichess.org,0
.lifewire.com,2
.liftoff.io,2
.liftoff.io,10
.liftoff.io,18
.lightboxcdn.com,0
.lightinthebox.com,30
.likee.video,4
.likee.video,4
.linkedin.com,0
.linksynergy.com,#N/A
.linktr.ee,3
.linktr.ee,3
.linode.com,7
.liquidweb.com,2
.list.am,0
.litres.ru,74
.liveabout.com,0
.livechat.com,9
.livechat.com,10
.livedns.co.uk,0
.livehindustan.com,57
.liveintent.com,19
.livejournal.com,9
.livemint.com,123
.liveramp.com,0
.livescore.in,0
.livestream.com,5
.loc.gov,5
.loc.gov,5
.locaweb.com.br,#N/A
.loom.com,2
.lowes.com,1
.lp.datadoghq.com,#N/A
.lse.ac.uk,4
.ludoplayers.com,0
.lululemon.com,76
.lww.com,2
.lycos.com,2
.lyft.com,7
.magazineluiza.com.br,40
.magnite.com,0
.magnite.com,0
.mail.ru,13
.mail.ru,11
.mail.ru,4
.mail.ru,3
.mail.ru,17
.mail.ru,99
.mail.ru,101
.mail.ru,122
.mail.ru,145
.mail.ru,147
.mail.ru,175
.mailchimp.com,4
.mailchimp.com,8
.mailchimp.com,12
.mailjet.com,8
.malwarebytes.com,8
.man7.org,0
.manga168.com,0
.mangadex.org,4
.mangatoto.com,2
.mapquest.com,0
.marca.com,6
.marfeel.com,2
.marinetraffic.com,0
.marketingplatform.google.com,0
.marketingplatform.google.com,0
.marketingplatform.google.com,4
.marketingplatform.google.com,4
.marketingplatform.google.com,4
.marketingplatform.google.com,4
.marketingplatform.google.com,4
.marketo.com,2
.marketwatch.com,5
.markmonitor.com,5
.markt.de,2
.marktplaats.nl,15
.marthastewart.com,4
.mashable.com,7
.mass.gov,6
.mastercard.co.uk,0
.mat6tube.com,0
.match.com,0
.mathworks.com,0
.mattermost.com,0
.matterport.com,0
.mayoclinic.org,1
.mayoclinic.org,12
.mbga.jp,0
.mcafee.com,2
.mcafee.com,2
.mcm.ru,3
.mdpi.com,0
.media.net,0
.media.net,0
.mediaexpert.pl,12
.mediafire.com,3
.mediago.io,0
.mediamath.com,0
.mediaset.it,0
.mediavine.com,0
.medicinenet.com,2
.medium.com,1
.medium.com,0
.medlineplus.gov,0
.medscape.com,8
.medtronic.com,0
.meetme.com,0
.meituan.com,0
.menulog.com.au,5
.mercadolibre.com,0
.mercadolibre.com.ar,0
.mercadolibre.com.mx,2
.mercadolivre.com.br,4
.mercurynews.com,76
.merit.edu,0
.metacritic.com,0
.metlife.com,2
.metmuseum.org,16
.mgid.com,20
.mi.com,0
.mi.com,0
.mi.com,0
.mi.com,0
.mi.com,0
.miamiherald.com,3
.michaels.com,#N/A
.microfocus.com,0
.microfocus.com,1
.microsoft.com,#N/A
.microsoft.com,#N/A
.microsoft.com,#N/A
.microsoft.com,#N/A
.milanuncios.com,0
.milliyet.com.tr,6
.minecraft.net,2
.minecraft.net,4
.mit.edu,0
.mit.edu,0
.mixcloud.com,4
.mixpanel.com,0
.ml.com,2
.mlb.com,23
.mobile.de,0
.monash.edu,#N/A
.monday.com,8
.moneycontrol.com,2
.mongodb.com,76
.moovitapp.com,13
.morningstar.com,4
.mosyle.com,0
.motchill.info,#N/A
.moz.com,1
.mp4moviez.market,0
.mparticle.com,4
.msn.com,1
.msn.com,1
.msn.com,6
.mtlnovel.com,0
.mulesoft.com,2
.mundodeportivo.com,0
.myfonts.net,2
.myfonts.net,4
.myntra.com,0
.myreadingmanga.info,0
.myspace.com,0
.myspace.com,0
.mysql.com,2
.mysql.com,2
.n-able.com,2
.n-tv.de,0
.namasha.com,0
.namefind.com,0
.namu.wiki,0
.narvar.com,0
.nasdaq.com,78
.nate.com,1
.nationalpost.com,#N/A
.nature.com,0
.nature.com,0
.naukri.com,10
.naver.com,0
.naver.com,0
.naver.com,0
.nbc.com,6
.nbcnews.com,6
.nber.org,0
.nd.edu,6
.ndtv.com,38
.nesine.com,0
.nespresso.com,4
.nestle.com,0
.netangels.ru,6
.netangels.ru,4
.netflix.com,7
.netflix.com,7
.netflix.com,7
.netflix.com,7
.netgate.com,0
.netkeiba.com,332
.nettruyenmax.com,0
.nettruyenmax.com,0
.nettruyento.com,0
.newegg.com,18
.newgrounds.com,0
.newrelic.com,143
.newrelic.com,0
.news.com.au,36
.news18.com,#N/A
.news24.com,0
.newtoki302.com,#N/A
.newtoki302.com,#N/A
.newtoki302.com,#N/A
.newtoki302.com,#N/A
.newyorker.com,9
.nexon.com,2
.nextdoor.com,1
.nfl.com,9
.ngenix.net,4
.ngenix.net,4
.ngs.ru,140
.nhattruyenmin.com,0
.nhl.com,3
.nianticlabs.com,0
.nic.io,0
.nicovideo.jp,266
.nielsen.com,0
.nifty.com,112
.nike.com,10
.nikkei.com,0
.ning.com,1
.nintendo.com,2
.nitropay.com,0
.nj.com,43
.nj.gov,2
.njuskalo.hr,0
.noaa.gov,0
.nobelprize.org,0
.noodlemagazine.com,0
.nordstrom.com,0
.nordvpn.com,0
.norton.com,0
.nota.media,1
.note.com,4
.notion.site,20
.notion.so,8
.novostivl.ru,21
.npmjs.com,0
.npr.org,4
.npr.org,2
.nr-data.net,52
.nsf.gov,0
.nsw.gov.au,15
.nubank.com.br,2
.nus.edu.sg,0
.nvidia.com,10
.nvidia.com,57
.ny.gov,4
.nyc.gov,6
.nydailynews.com,1
.nymag.com,0
.nytimes.com,536
.nytimes.com,537
.nytimes.com,542
.nytimes.com,583
.nzherald.co.nz,33
.oculus.com,2
.oecd.org,6
.ohchr.org,0
.ok.ru,1
.okdiario.com,#N/A
.olx.com.br,7
.olx.pl,0
.olx.ua,4
.olympics.com,16
.omegle.com,0
.one.com,2
.one.com,0
.one.com,2
.one.com,2
.onesignal.com,7
.onesignal.com,10
.onesignal.com,37
.onesignal.com,47
.onesignal.com,53
.onesignal.com,64
.onlyfans.com,4
.opendns.com,0
.opendns.com,0
.opensea.io,4
.opensource.org,0
.opentable.com,22
.openweb.com,6
.opera.com,5
.opera.com,4
.opera.com,2
.opera.com,0
.oracle.com,4
.oracle.com,6
.oracle.com,14
.oracle.com,14
.oracle.com,19
.oracle.com,28
.orange.fr,8
.orange.fr,0
.oregonlive.com,180
.oregonstate.edu,1
.orf.at,3
.oricon.co.jp,2
.osha.gov,0
.otomoto.pl,0
.otto.de,0
.otzovik.com,0
.ouest-france.fr,1
.outbrain.com,0
.outbrain.com,0
.outlookindia.com,62
.over-blog.com,0
.ovhcloud.com,0
.ovhcloud.com,0
.ozon.ru,0
.ozon.ru,0
.pa.gov,0
.paddypower.com,10
.padlet.com,50
.pages.lumentech.com,3
.pages.thetradedesk.com,0
.paloaltonetworks.com,5
.panasonic.com,2
.pandasecurity.com,0
.parallels.com,8
.paramountplus.com,0
.pardot.com,6
.pardot.com,6
.pardot.com,6
.parse.ly,0
.patreon.com,0
.paylocity.com,16
.paypal.com,18
.paypal.com,18
.paypal.com,18
.paypal.com,54
.paytm.com,0
.pbase.com,0
.pccc.com,0
.pch.com,#N/A
.pchome.com.tw,33
.pcmag.com,1
.pcworld.com,0
.pdffiller.com,0
.pearson.com,382
.peatix.com,0
.pendo.io,5
.people.com,0
.perl.com,0
.perl.org,0
.personalcreations.com,99
.pexels.com,4
.pgg.people.com.cn,16
.philips-hue.com,3
.php.net,0
.php.net,0
.phpbb.com,0
.piano.io,254
.piano.io,430
.piano.io,591
.piano.io,597
.piccoma.com,0
.pikabu.ru,51
.pingdom.com,7
.pitneybowes.com,2
.pitt.edu,2
.pixabay.com,0
.pixabay.com,0
.pki.goog,0
.pki.goog,0
.pki.goog,0
.plesk.com,0
.plos.org,0
.pnas.org,2
.pnc.com,15
.podbean.com,0
.pof.com,2
.politico.eu,6
.popsci.com,6
.pornhat.com,1
.pornhat.one,2
.pornhub.com,0
.pornhub.com,0
.porno365.pics,0
.poste.it,#N/A
.postgresql.org,0
.postman.com,0
.powerbi.com,0
.ppomppu.co.kr,11
.prestashop.com,4
.prezi.com,2
.priceline.com,4
.primevideo.com,0
.primevideo.com,0
.primevideo.com,0
.princeton.edu,0
.prismamedia.com,0
.prnewswire.com,5
.progressive.com,3
.proofpoint.com,19
.propublica.org,1
.protothema.gr,0
.prweb.com,5
.pscp.tv,0
.psu.edu,10
.psychcentral.com,2
.ptt.cc,0
.pub.network,77
.pub.network,155
.pub.network,229
.public.app,0
.pubnative.net,0
.pubnub.com,2
.pushnami.com,8
.pwc.com,0
.python.org,0
.qiniu.com,0
.qq.com,2
.qq.com,2
.qq.com,0
.quantcast.com,0
.quora.com,0
.quora.com,0
.qvc.com,31
.rackspace.com,2
.rackspace.com,2
.rackspace.com,4
.radar.cloudflare.com,0
.radar.cloudflare.com,0
.rakuten.co.jp,11
.rakuten.co.jp,40
.rambler.ru,10
.rambler.ru,12
.raptive.com,0
.raspberrypi.org,0
.razer.com,2
.razer.com,2
.razorpay.com,0
.rbc.ua,73
.rd.com,0
.readmanga.live,0
.readthedocs.org,0
.realestate.com.au,89
.realsrv.com,126
.realsrv.com,209
.realsrv.com,213
.realsrv.com,242
.realsrv.com,242
.reclameaqui.com.br,71
.redbubble.com,0
.redcross.org,0
.reddit.com,0
.reddit.com,4
.reddit.com,4
.reddit.com,10
.redirectiontool.trafficmanager.net,0
.redis.com,2
.redtube.com,0
.register.com,7
.register.it,#N/A
.registry.co.com,#N/A
.rei.com,11
.remotepc.com,11
.reolink.com,10
.repubblica.it,0
.researchgate.net,2
.researchgate.net,0
.resources.bazaarvoice.com,0
.respawn.com,0
.revenuecat.com,#N/A
.reverbnation.com,2
.reverso.net,0
.rezka.ag,7
.ria.com,4
.rice.edu,0
.ring.com,0
.ring.com,0
.ringcentral.com,2
.ringcentral.com,6
.ripe.net,0
.riskified.com,0
.robinhood.com,0
.roblox.com,1
.roblox.com,1
.roblox.com,1
.rockstargames.com,0
.roku.com,2
.roku.com,2
.routledge.com,8
.rspamd.com,0
.rst.ua,0
.rt-solar.ru,12
.rt-solar.ru,65
.rt-solar.ru,65
.rt.com,1
.rtl.de,2
.ruangguru.com,10
.rule34.xxx,0
.rule34video.com,1
.ruliweb.com,11
.rumble.com,0
.runescape.com,0
.ryanair.com,0
.s7.ru,6
.sabah.com.tr,#N/A
.safety.google,0
.sage.com,12
.sahibinden.com,0
.sakura.ad.jp,2
.salesforce.com,7
.salesforce.com,7
.salesforce.com,5
.salesforce.com,7
.salesforce.com,8
.salesforce.com,26
.salesforce.com,31
.salesforce.com,31
.salonboard.com,2
.same.eastmoney.com,0
.samsclub.com,16
.santander.com.br,6
.sap.com,0
.sapsf.com,4
.sarkariresult.com,49
.sattaking.vip,0
.saveinsta.app,25
.sba.gov,0
.schneier.com,0
.schneier.com,0
.schwab.com,8
.science.org,6
.sciencedaily.com,0
.sciencedirect.com,9
.sciencedirect.com,9
.sciencemag.org,2
.scmp.com,13
.scoop.it,0
.scorecardresearch.com,102
.scorecardresearch.com,10
.scorecardresearch.com,20
.scorecardresearch.com,94
.scorecardresearch.com,101
.scorecardresearch.com,104
.scorecardresearch.com,163
.scorecardresearch.com,175
.scorecardresearch.com,187
.scorecardresearch.com,190
.scorecardresearch.com,222
.scorecardresearch.com,226
.scorecardresearch.com,227
.scorecardresearch.com,233
.scorecardresearch.com,234
.scorecardresearch.com,239
.scorecardresearch.com,249
.scorecardresearch.com,249
.scorecardresearch.com,250
.scribd.com,0
.scribd.com,37
.script.ac,0
.seattletimes.com,7
.sec.gov,0
.secureserver.net,1
.sedo.com,0
.seek.com.au,11
.segment.com,3
.segment.com,3
.semana.com,43
.semrush.com,0
.senate.gov,3
.serasa.com.br,0
.server.cpmstar.com,0
.service-public.fr,0
.servicenow.com,1
.sex4arab.xxx,0
.sexalarab.com,0
.sexvid.pro,0
.sexvid.xxx,0
.seznam.cz,12
.shareasale.com,8
.sharethrough.com,0
.shein.com,6
.shipt.com,0
.shopee.com,0
.shopify.com,4
.shopify.com,0
.siemens.com,0
.siemens.com,0
.similarweb.com,7
.simontok.world,8
.simontok.world,8
.simplecloud.ru,7
.sina.cn,28
.sina.com.cn,37
.sina.com.cn,33
.siteground.com,0
.siteground.com,0
.sitemaps.org,0
.skelbiu.lt,0
.skillsoft.com,#N/A
.skipthegames.com,0
.skokka.com,0
.sky.com,3
.skypicker.com,2
.skyrock.com,4
.skysports.com,2
.skysports.com,4
.slack.com,2
.slack.com,2
.slate.com,#N/A
.slickdeals.net,438
.slickstream.com,0
.slideshare.net,0
.slideshare.net,0
.smallpdf.com,6
.smartasset.com,3
.smartsheet.com,3
.smh.com.au,154
.smugmug.com,0
.snapchat.com,0
.snapchat.com,0
.snapchat.com,0
.snapinsta.app,3
.snaptik.app,29
.snigelweb.com,0
.snopes.com,0
.so-net.ne.jp,10
.softonic.com,0
.softpedia.com,0
.softwareadvice.com,2
.sohu.com,1
.sohu.com,1
.sonobi.com,0
.sonos.com,4
.sony.com,1
.soundcloud.com,0
.soundcloud.com,2
.soundcloud.com,2
.sovcombank.ru,0
.spamhaus.org,0
.spankbang.com,91
.spankbang.party,12
.spboss.net,0
.spectrum.net,1
.spiegel.de,0
.split.io,5
.sportradarserving.com,0
.sportskeeda.com,2
.spotify.com,14
.spotify.com,14
.spotify.com,14
.spreaker.com,0
.sprig.com,#N/A
.springer.com,0
.springer.com,0
.sprint.com,11
.sprinthost.ru,8
.squareup.com,8
.squareup.com,10
.ssrn.com,0
.ssstik.io,0
.stackexchange.com,0
.stackoverflow.com,0
.stackoverflow.com,0
.stanford.edu,4
.stanford.edu,4
.staples.com,21
.starbucks.com,7
.starfieldtech.com,4
.starmakerstudios.com,0
.startribune.com,15
.staseraintv.com,#N/A
.statcounter.com,0
.statefarm.com,5
.statista.com,0
.statista.com,2
.stern.de,7
.store.epicgames.com,0
.store.epicgames.com,0
.store.epicgames.com,0
.storysaver.net,1
.strava.com,1
.streamable.com,1
.stripchat.com,2
.study.com,0
.stuff.co.nz,10
.stumbleupon.com,0
.subito.it,2
.success.qualtrics.com,78
.supercell.com,0
.superhosting.bg,2
.supjav.com,1
.surfshark.com,0
.surriel.com,0
.surveymonkey.com,12
.surveymonkey.com,12
.sweb.ru,5
.sweb.ru,5
.syosetu.com,65
.t-mobile.com,22
.t-mobile.com,21
.t.co,0
.t.co,0
.t.co,0
.tabelog.com,2
.tableau.com,0
.tagesschau.de,#N/A
.tagesspiegel.de,0
.tailscale.com,#N/A
.takeaway.com,0
.tamilyogi.band,5
.tamu.edu,#N/A
.tanium.com,1
.taobao.com,2
.taobao.com,8
.tapad.com,1
.target.com,1
.tasteofhome.com,0
.tasty.co,1
.tawk.to,6
.tdameritrade.com,8
.teachable.com,1
.teacherspayteachers.com,3
.tealiumiq.com,0
.teamviewer.com,0
.teamviewer.com,0
.techcrunch.com,1
.techcrunch.com,1
.technologyreview.com,3
.techtarget.com,3
.telegraaf.nl,0
.telegraph.co.uk,4
.telegraph.co.uk,4
.telenet.be,58
.telone.co.zw,0
.telus.com,92
.temu.com,8
.tenable.com,4
.tenable.com,4
.tenki.jp,99
.tesco.com,3
.tesla.cn,11
.tesla.com,9
.tesla.com,6
.tfl.gov.uk,7
.tgju.org,2
.thawte.com,103
.theage.com.au,393
.theathletic.com,1
.theatlantic.com,0
.thebalancemoney.com,0
.theconversation.com,0
.theepochtimes.com,5
.thefreedictionary.com,2
.theglobeandmail.com,8
.theguardian.com,4
.theguardian.com,6
.theguardian.com,6
.thehill.com,0
.thehindu.com,12
.theknot.com,7
.themegrill.com,0
.thenai.org,0
.thenai.org,0
.thenextweb.com,0
.thepennyhoarder.com,1
.theregister.com,0
.theregister.com,0
.thesaurus.com,#N/A
.thespruce.com,0
.thestar.com,3
.thetimes.co.uk,16
.theweathernetwork.com,53
.thinkwithgoogle.com,0
.thisvid.com,1
.thoughtco.com,0
.thousandeyes.com,54
.thunderbird.net,0
.ti.com,0
.ticketmaster.com,2
.tidal.com,0
.tiktok.com,14
.tiktok.com,22
.tiktok.com,26
.tiktok.com,36
.time.com,22
.time.com,41
.timeanddate.com,0
.timeout.com,6
.timesofisrael.com,20
.tinkoff.ru,2
.tiny.cc,1
.tinyurl.com,1
.tinyurl.com,1
.tizen.org,0
.tjk.org,0
.tmall.com,#N/A
.tmohentai.com,6
.today.com,14
.togetter.com,18
.top.host,5
.topmanhua.com,14
.toyota.com,19
.tradingview.com,0
.tradingview.com,0
.tradplusad.com,0
.translate-pa.googleapis.com,34
.transportation.gov,16
.travelandleisure.com,2
.traveloka.com,6
.treasury.gov,13
.treehugger.com,6
.trellix.com,30
.trellix.com,43
.trello.com,0
.trendmicro.com,39
.trendmicro.com,0
.trendyol.com,0
.tribunnews.com,95
.trifle.net,0
.tripadvisor.co.uk,6
.tripadvisor.com,4
.tripadvisor.com,6
.tripod.lycos.com,1
.trustpilot.com,1
.trustpilot.com,1
.truyenfull.vn,2
.truyenqqq.vn,0
.tsyndicate.com,43
.ttd-a.com,0
.tubidy.watch,0
.tubidy.watch,0
.tucows.com,0
.tunein.com,12
.turbify.com,1
.turbo.az,4
.turkiye.gov.tr,0
.tutu.ru,12
.tvonenews.com,157
.tvtropes.org,0
.twilio.com,0
.twitch.tv,11
.twitch.tv,13
.twitter.com,14
.twitter.com,2
.twitter.com,4
.txxx.com,23
.typeform.com,0
.typeform.com,0
.typepad.com,0
.ubc.ca,0
.ubereats.com,6
.ubuntu.com,0
.ubuntu.com,0
.ucdavis.edu,1
.ucl.ac.uk,0
.ucloud.cn,0
.ucoz.net,9
.ucoz.ru,4
.ucsf.edu,0
.udemy.com,1
.uefa.com,3
.uga.edu,9
.ui.com,1
.ui.com,1
.uic.edu,4
.uiowa.edu,2
.uisp.com,2
.uk.store.synology.com,0
.ukr.net,116
.ultimate-guitar.com,1
.umeng.com,#N/A
.uminet.ru,4
.undp.org,0
.unep.org,2
.unfccc.int,1
.unhcr.org,5
.unicef.org,3
.unilever.com,2
.uniqlo.com,6
.unity3d.com,1
.unity3d.com,1
.unotv.com,108
.unpkg.com,0
.uol.com.br,170
.uoregon.edu,2
.upenn.edu,0
.upi.com,5
.ups.com,15
.ups.com,31
.upstart.com,0
.upwork.com,20
.uribl.com,0
.usa.gov,0
.usaa.com,0
.usatoday.com,0
.usatoday.com,0
.usbank.com,4
.uscis.gov,0
.usda.gov,4
.useinsider.com,8
.usembassy.gov,#N/A
.userreport.com,0
.userway.org,0
.usf.edu,4
.usnews.com,0
.usocial.pro,6
.usp.br,1
.uspto.gov,8
.utdallas.edu,11
.utexas.edu,0
.utoronto.ca,0
.uwaterloo.ca,18
.value-domain.com,#N/A
.vanderbilt.edu,0
.vanityfair.com,12
.vedomosti.ru,5
.venmo.com,2
.ventraip.com.au,4
.vercara.com,4
.verizon.com,4
.verizon.com,6
.verizon.com,6
.verizon.com,9
.verve.com,0
.verywellhealth.com,0
.verywellmind.com,2
.vg.no,2
.victoriassecret.com,3
.video.az,4
.videolan.org,0
.vietnamnet.vn,#N/A
.viki.com,1
.vimeo.com,82
.vimeo.com,20
.vimeo.com,3
.vimeo.com,21
.vimeo.com,29
.vimeo.com,29
.vimeo.com,30
.vimeo.com,38
.vimeo.com,58
.vimeo.com,61
.vimeo.com,62
.vimeo.com,64
.vimeo.com,67
.vimeo.com,69
.vimeo.com,80
.vimeo.com,82
.vimeo.com,82
.vimeo.com,90
.vimeo.com,94
.vinted.fr,4
.visa.com,1
.vivo.com,0
.vivo.com,7
.vjav.com,18
.vk.com,4
.vk.com,4
.vk.com,4
.vk.com,2
.vkontakte.ru,4
.vkplay.ru,30
.vmware.com,2
.vmware.com,13
.vnexpress.net,230
.vodafone.pt,12
.vogue.com,16
.volusion.com,2
.volvocars.com,1
.vrbo.com,72
.vrt.be,0
.vt.edu,2
.vtb.ru,29
.vwo.com,70
.w3.org,0
.w3.org,0
.w3.org,0
.wa.gov,0
.wa.link,0
.wallpapers.com,3
.wargaming.net,9
.warnerbros.com,0
.warnerbros.com,0
.washington.edu,0
.washington.edu,0
.washington.edu,2
.washingtonpost.com,5
.washingtonpost.com,63
.washingtontimes.com,25
.wattpad.com,0
.wayfair.com,29
.we-are-adot.com,0
.weather.com,4
.weather.com,3
.weather.gov,2
.web.com,7
.web.com,48
.web.dev,0
.webflow.com,24
.webflow.com,24
.webmd.com,2
.webmd.com,3
.website.webforms-here.com,0
.webtoons.com,4
.weebly.com,0
.weebly.com,0
.weibo.cn,0
.wellsfargo.com,3
.westernunion.com,50
.wetransfer.com,2
.wetter.com,0
.wetteronline.de,0
.whatismyip.li,0
.whitehouse.gov,0
.who.int,0
.who.int,0
.wikihow.com,2
.wikisach.net,36
.wildberries.ru,0
.wildberries.ru,0
.wildberries.ru,4
.wipo.int,0
.wired.com,0
.wired.com,10
.wireshark.org,#N/A
.wistia.com,#N/A
.wix.com,0
.wix.com,0
.woocommerce.com,0
.wordpress.com,1
.wordpress.com,1
.wordpress.com,1
.wordpress.com,1
.wordpress.com,1
.wordpress.com,1
.wordpress.org,0
.wordpress.org,0
.wordpress.org,0
.wordpress.org,0
.wordpress.org,0
.wordreference.com,0
.worldcat.org,21
.worldometers.info,8
.wp.pl,0
.wpengine.com,0
.wps.com,4
.ws.zoominfo.com,0
.ws.zoominfo.com,23
.wsj.com,4
.wsj.com,12
.wsj.com,12
.wufoo.com,6
.wunderground.com,0
.wunderkind.co,2
.ww.filmyfly.blog,7
.ww.filmyfly.blog,10
.www.1und1.net,0
.www.20minutos.es,8
.www.510623.com,0
.www.510623.com,0
.www.abc.es,2
.www.ad.nl,4
.www.ada.support,4
.www.agoda.com,0
.www.amagi.com,4
.www.ameba.jp,6
.www.apachelounge.com,1
.www.appier.com,0
.www.archives.gov,0
.www.aylanetworks.com,4
.www.bitrix24.uk,4
.www.bitrix24.uk,0
.www.bol.com,4
.www.bol.com,13
.www.bt.dk,0
.www.bytedance.com,0
.www.cbc.ca,19
.www.chargepoint.com,0
.www.cloudflare.com,0
.www.cloudns.net,0
.www.cloudns.net,0
.www.connectwise.com,9
.www.constantcontact.com,0
.www.control4.com,5
.www.conversantmedia.com,0
.www.conversantmedia.com,0
.www.daum.net,32
.www.digikala.com,9
.www.discogs.com,0
.www.entrust.net,2
.www.entrust.net,9
.www.eyeota.com,8
.www.fujitsu.com,0
.www.gamespot.com,1
.www.gamesradar.com,1
.www.garmin.com,0
.www.gazeta.pl,2
.www.gi-de.com,2
.www.gismeteo.ru,12
.www.glance.cx,0
.www.gob.mx,0
.www.gst.gov.in,0
.www.hhs.gov,0
.www.hln.be,4
.www.huffingtonpost.co.uk,16
.www.huffpost.com,6
.www.huffpost.com,2
.www.huffpost.com,15
.www.huffpost.com,19
.www.innervate.com,2
.www.ivideon.com,4
.www.kaiserpermanente.org,29
.www.knowbe4.com,6
.www.kuaishou.com,#N/A
.www.lenovo.com,8
.www.linkedin.com,15
.www.linkedin.com,17
.www.linkedin.com,18
.www.linkfire.com,0
.www.livescience.com,5
.www.livescore.com,0
.www.lonelyplanet.com,0
.www.mckinsey.com,0
.www.meta.com,0
.www.mindbodyonline.com,2
.www.nbcuniversal.com,0
.www.netshoes.com.br,36
.www.nist.gov,4
.www.nist.gov,0
.www.nrk.no,0
.www.nu.nl,2
.www.olo.com,23
.www.onlinesbi.sbi,0
.www.politico.com,6
.www.pussyspace.com,0
.www.qualcomm.com,0
.www.rainbird.com,9
.www.redbull.com,0
.www.redhat.com,0
.www.rtve.es,3
.www.sciencealert.com,0
.www.scientificamerican.com,2
.www.scotsman.com,1
.www.simply.com,0
.www.smartthings.com,0
.www.space.com,1
.www.splunk.com,#N/A
.www.ssa.gov,#N/A
.www.stitcher.com,0
.www.suntimes.com,6
.www.techradar.com,1
.www.techsmith.com,0
.www.thecut.com,17
.www.toasttab.com,4
.www.tomsguide.com,1
.www.tomshardware.com,5
.www.unesco.org,88
.www.vdx.tv,2
.www.verint.com,0
.www.vice.com,5
.www.volkswagen-group.com,0
.www.vulture.com,24
.www.walmart.ca,92
.www.wisc.edu,0
.www.xbox.com,4
.www.xbox.com,123
.www.xbox.com,127
.www.xbox.com,135
.www.xbox.com,145
.www.yahoo.com,0
.www.zellepay.com,0
.www.zellepay.com,0
.www.zendesk.com,2
.www.zendesk.com,17
.www.zendesk.com,18
.wwwk.porno666.news,0
.wyndhamhotels.com,39
.xe.com,0
.xerox.com,0
.xfinity.com,19
.xfinity.com,3
.xfinity.com,5
.xfinity.com,11
.xfinity.com,17
.xhadult3.com,9
.xhamster.com,0
.xhamster.com,0
.xhamster.com,8
.xhamster.com,9
.xhamster.com,9
.xhamster.com,9
.xhamster.desi,7
.xhamster.desi,8
.xhamster1.desi,8
.xhamster2.com,9
.xhamsterlive.com,5
.xhwide1.com,0
.xiaohongshu.com,1
.ximalaya.com,0
.xklxsw.net,0
.xnxx.com,1
.xnxx.press,6
.xnxx.tv,0
.xnxx115.com,1
.xnxx2.com,0
.xnxx3.com,1
.xosodaiphat.com,8
.xserver.ne.jp,12
.xvideos.com,0
.xvideos.es,2
.xvideos2.com,0
.xvideos3.com,2
.xvideos4.com,0
.xvideos5.com,2
.xvideos53.com,1
.ya.ru,3
.ya.ru,3
.ya.ru,2
.ya.ru,2
.yadongkorea.org,0
.yadongkorea.red,0
.yadongtube.net,0
.yahoo.com,0
.yahoo.com,0
.yahoo.com,0
.yahoo.com,0
.yahoo.com,3
.yahooinc.com,3
.yahooinc.com,20
.yammer.com,0
.yandex.by,1
.yandex.com,5
.yandex.ru,73
.yandex.ru,43
.yandex.ru,30
.yandex.ru,7
.yatv.net,0
.yektanet.com,18
.yelp.com,0
.yelp.com,0
.yieldmo.com,0
.yle.fi,0
.ynet.co.il,12
.youm7.com,8
.youporn.com,2
.youradchoices.com,0
.youtu.be,1
.youtu.be,3
.youtu.be,3
.youtube-nocookie.com,1
.youtube-nocookie.com,46
.youtube-nocookie.com,72
.youtube.com,3
.youtube.com,45
.youtube.com,97
.youtube.com,99
.youtube.com,109
.youtube.com,124
.youtube.com,125
.youtube.com,130
.youtube.com,136
.youtube.com,145
.youtube.com,152
.youtube.com,152
.youtube.com,154
.youtube.com,157
.youtube.com,157
.youtube.com,160
.youtube.com,160
.youtube.com,161
.youtube.com,163
.youtube.com,163
.youtube.com,163
.youtube.com,165
.youtube.com,166
.youtube.com,166
.youtube.com,167
.youtube.com,169
.youtube.com,171
.youtube.com,171
.youtube.com,173
.youtube.com,176
.youtube.com,177
.youtube.com,177
.youtube.com,177
.youtube.com,177
.youtube.com,177
.ys7.com,1
.zalo.me,4
.zappos.com,2
.zara.com,10
.zbporn.tv,2
.zdf.de,0
.zdnet.com,0
.zebra.com,2
.zeit.de,0
.zemanta.com,2
.zemanta.com,2
.zend.com,0
.zeotap.com,11
.zerocdn.com,0
.zillow.com,11
.zingmp3.vn,2
.zinmanga.com,13
.ziprecruiter.com,0
.zoom.us,6
.zoom.us,6
.zoom.us,6
.zoom.us,6
.zoominfo.com,5
.zozo.jp,9
.zscaler.com,0
.zynga.com,0
11xplay.com,0
12ezo5v60.com,4
1984.is,0
1password.com,0
2gis.ae,4
2gis.ru,8
360safe.com,0
3m.com,17
500px.com,#N/A
999.md,7
aa.com,3
ably.com,6
abola.pt,42
abovedomains.com,0
accenture.com,1
access.dotvndns.vn,0
accounts.google.com,9
accounts.google.com,9
acesso.gov.br,0
adfox.yandex.ru,7
adjust.com,0
admanmedia.com,0
admixer.com,97
adp.com,27
adrta.com,0
adsrvr.org,4
adsrvr.org,4
advertising.adobe.com,0
adxsrver.com,#N/A
aenetgvtri.com,4
africastalking.com,4
airtable.com,0
ajax.systems,0
akamai.com,10
alidns.com,6
allaboutcookies.org,0
alphonso.tv,0
altervista.org,0
altibbi.com,3
amd.com,0
aniview.com,0
answers.com,0
anybunny.org,4
anyclip.com,0
anydesk.com,0
apartments.com,6
api.xtremepush.com,2
apnews.com,3
app.toutiao.com,0
apptimize.com,0
argos.co.uk,1
arstechnica.com,0
artfight.net,0
arxiv.org,0
as.com,2
asana.com,4
assets.tunnus.almamedia.fi,0
asura.nacm.xyz,31
asura.nacm.xyz,7
aternos.org,0
att.net,0
att.net,0
auctollo.com,0
auth0.com,0
automattic.com,0
av380.net,#N/A
axkwmsivme.com,0
babssata.com,0
bakusai.com,0
banki.ru,1
basecamp.com,0
bb.com.br,#N/A
bb.remuetaking.com,0
beget.com,9
beget.com,7
betika.com,15
betproexch.com,0
bh.contextweb.com,1
bikewale.com,0
bitnami.com,0
bizportal.shift4.com,#N/A
blaze.com,1
blic.rs,91
blis.com,9
blog.atinternet.com,0
boardgamegeek.com,0
booking.com,125
britishairways.com,5
bt.yurokrelax.com,23
bunny.net,2
bunny.net,6
bunny.net,6
cafe24.com,2
caixa.gov.br,4
campaign-archive.com,0
caranddriver.com,3
carbonblack.io,0
cdn.house,1
cdnvideo.ru,5
cell.com,0
cern.ch,8
charter.com,0
chewy.com,112
churnzero.com,0
civicscience.com,2
clinch.co,3
clip2vip.com,4
cloud.hihonor.com,0
cloud.iboss.com,0
cntraveler.com,2
codepen.io,0
coinmarketcap.com,0
collider.com,2
columbia.edu,0
com.com,5
com.se,1
comodoca.com,1
computerworld.com,1
constantcontact.com,56
cookiedatabase.org,0
cookpad.com,4
coppel.com,0
corriere.it,15
cosmopolitan.com,4
cp.betweendigital.com,0
cp.vds-shop.com,4
cpanel.net,0
cpanel.net,0
cpanel.net,0
crunchbase.com,6
cryptology.com,2
csof.net,26
ct.gov,22
ct4.cloudtrax.com,#N/A
curseforge.com,7
customer.io,#N/A
cutt.ly,0
cxense.com,4
cybertronads.com,0
d.delivery.consentmanager.net,0
dan.com,0
daraz.com,0
datadome.co,4
ddnss.de,0
desixxxtube.info,10
dev.epicgames.com,0
dev.visualwebsiteoptimizer.com,38
dev.visualwebsiteoptimizer.com,49
dev.visualwebsiteoptimizer.com,57
dev.visualwebsiteoptimizer.com,96
dev.visualwebsiteoptimizer.com,96
developers.google.com,1
didiglobal.com,0
digitalspy.com,0
directnic.com,2
discord.com,#N/A
discord.com,#N/A
discord.com,#N/A
discord.com,#N/A
discord.com,#N/A
disqus.com,5
disqus.com,1
diziwatch.net,0
dns.la,0
dnsdomen.com,0
dnsimple.com,0
dnstest.it.umich.edu,0
docusign.net,0
dom.ru,22
donmai.us,0
dotnet.microsoft.com,0
dotnet.microsoft.com,0
dotnet.microsoft.com,2
doublelist.com,2
draftystrike.com,0
dribbble.com,4
drudgereport.com,98
dtln.ru,3
dualeotruyenk.com,6
duckdns.org,0
duckdns.org,0
dvr163.com,0
dxc.com,19
dynamics.microsoft.com,0
e621.net,0
ea.com,0
ea.com,0
easybrain.com,0
ecnavi.jp,4
edg.io,0
edit.telegra.ph,0
een.com,0
ekstrabladet.dk,0
elisa.fi,0
elle.com,4
elpais.com,9
elperiodico.com,16
emarketerinc.us-7.evergage.com,0
en.forgeofempires.com,0
equativ.com,0
equativ.com,0
eroterest.net,1
ertelecom.ru,0
espncdn.com,0
esquire.com,0
etc.uz,2
etherscan.io,2
etoile.no,0
etoote.com,0
eu.com,0
europa.eu,2
europa.eu,2
europa.eu,4
ew.com,245
ex.co,0
exelator.com,0
fabguys.com,2
fabswingers.com,0
faitid.org,0
fantia.jp,0
fatalmodel.com,0
feednews.com,0
fetlife.com,0
fidelity.com,#N/A
finam.ru,27
firebase.google.com,16
firebase.google.com,16
firebase.google.com,26
fiverr.com,0
flashtalking.com,0
fliphtml5.com,2
fontawesome.com,3
fonts.adobe.com,0
formstack.com,4
foxsports.com,17
fozzy.com,23
freeddns.noip.com,4
freeddns.noip.com,4
fsu.edu,2
funpay.com,0
game8.jp,4
gamerant.com,0
gdemoideti.ru,4
genius.com,4
getgreenshot.org,21
gimp.org,0
github.com,2
github.com,2
github.com,2
gitlab.gnome.org,0
gizmodo.com,6
global.canon,16
global.oup.com,8
globalnews.ca,30
gmu.edu,0
gmxvmvptfm.com,0
gmxvmvptfm.com,2
gnome.org,0
go.appsflyer.com,0
go.com,2
go.com,0
goal.co,#N/A
godpvqnszo.com,6
godpvqnszo.com,23
godpvqnszo.com,30
godpvqnszo.com,39
godpvqnszo.com,40
goodhousekeeping.com,0
gosuslugi.ru,12
granbluefantasy.jp,3
groupon.com,6
hackerdoslot.com,0
hackerone.com,0
hanime1.me,36
harborfreight.com,2
harpersbazaar.com,3
hcaptcha.com,2
hdsex.pro,0
hentailib.me,4
herokuapp.com,1
herokuapp.com,1
heylink.me,3
hindixxxhd.com,#N/A
hiring.amazon.com,20
hitomi.la,14
hola.org,0
holadns.com,0
holoo.fun,0
home-c52.nice-incontact.com,#N/A
home.pl,0
honda.com,0
hootsuite.com,2
hootsuite.com,199
hoster.kz,8
hoster.ru,15
hungryroot.com,1
hvosting.ua,0
hyatt.com,0
hybrid.ai,14
i.h-t.co,4
iheart.com,0
imagemagick.org,5
imhentai.xxx,1
independent.co.uk,6
independent.co.uk,15
india.com,33
indiana.edu,1
infojobs.net,36
inonclbench.com,0
investor.vanguard.com,6
irdeto.com,#N/A
isaidub3.co,1
itau.com.br,2
iu.edu,5
java.com,15
joyclub.de,0
jpush.cn,0
justhost.ru,9
jw.org,0
kahoot.it,0
kakao.com,0
kakuyomu.jp,49
kargo.com,0
kaspi.kz,0
khanacademy.org,0
kijiji.ca,20
kinja.com,#N/A
knowyourmeme.com,0
kontur.ru,28
kooora.com,12
kotaku.com,8
kpmg.com,0
kremlin.ru,0
kxlogo.knet.cn,2
kxlogo.knet.cn,41
launchdarkly.com,0
launchdarkly.com,1
learn.microsoft.com,0
leetcode.com,0
lexisnexis.com,0
lg.co.kr,8
librefutboltv.com,0
libsyn.com,4
life360.com,12
lifehacker.com,12
lin.ee,0
line.me,0
line.me,0
list-manage.com,0
list-manage.com,0
list-manage1.com,0
listcrawler.eu,4
litnet.com,5
liveperson.net,30
login.dr.dk,0
login.forticloud.com,#N/A
lsu.edu,0
luxuretv.com,0
macys.com,4
mainichi.jp,176
mangabuddy.com,0
mangago.me,4
mangakakalot.com,0
manganato.com,0
mariadb.org,0
matomo.org,0
matomo.org,0
matomo.www.gov.pl,0
mc.yandex.ru,4
mcgill.ca,0
mechacomic.jp,0
mediawiki.org,0
mega.nz,0
menshealth.com,3
meraki.cisco.com,2
meraki.cisco.com,2
merkur.de,50
meson.ai,4
meteofrance.com,0
metruyencv.com,0
mg.adskeeper.co.uk,#N/A
mihanwebhost.com,1
mil.ru,5
mindbox.ru,0
mintnav.com,9
minzdrav.gov.ru,0
miro.com,0
mktoresp.com,0
mobile-tracker-free.com,0
mobilefuse.com,3
moe.video,2
moodle.org,0
motherless.com,10
msnbc.com,33
msu.edu,2
mts.ru,2
music-fa.com,0
my.games,0
myanimelist.net,18
mynavi.jp,0
mywot.com,4
nag.ru,4
nap.nationalacademies.org,4
nationalarchives.gov.uk,0
neilpatel.com,0
nerdwallet.com,0
news.cn,0
news.sportbox.ru,39
newsmax.com,7
newsroom.eclipse.org,#N/A
nhentai.net,0
niu.edu,2
nodejs.org,0
northwestern.edu,8
nos.nl,2
novelusb.com,0
nurd.com,0
nutletcorvees.com,#N/A
nypost.com,52
nypost.com,134
obilet.com,23
ohio.gov,32
ojogodobicho.com,3
olimpbet.kz,16
onefootball.com,2
onet.pl,37
onlar.az,0
openweathermap.org,0
oppomobile.com,0
orcid.org,0
origin.improvedigital.com,8
origin.improvedigital.com,20
osu.edu,32
osym.gov.tr,0
otm-r.com,1
outlook.live.com,#N/A
outlook.live.com,#N/A
outlook.live.com,#N/A
outlook.live.com,#N/A
outlook.live.com,#N/A
outlook.live.com,#N/A
outlook.live.com,#N/A
pagesix.com,120
pananames.com,0
pasbstbovc.com,6
pastebin.com,0
patch.com,24
paycomonline.net,0
penguinrandomhouse.com,0
perfectdomain.com,8
photobucket.com,2
phys.org,6
piano.io,0
piano.io,0
picks.my,53
picrew.me,237
picsart.com,0
pixbet.com,5
pl21.blueconic.com,0
playrix.com,12
plex.tv,0
pluto.tv,3
plx.tukif.com,1
pod51500.office365.us,5
podcasters.spotify.com,#N/A
pokemon.com,2
poki.com,0
polygon.com,4
popularmechanics.com,1
porkbun.com,5
pornkai.com,0
portal.dynect.net,4
portal.tds.net,0
portal.tds.net,0
portal.tds.net,0
portal.ultradns.com,0
poshmark.com,13
postimages.org,0
potsaglu.net,4
powerapps.microsoft.com,2
pp.ua,0
printercloud.com,0
profi.ru,3
profil.ladepeche.fr,0
profil.lindependant.fr,0
prtimes.jp,2
pruffme.com,4
ps.bahn.de,2
pt.cdctwm.com,2
pubmatic.com,22
pubmatic.com,26
pypi.org,0
quantummetric.com,9
queue.fnac.com,0
quickconnect.to,0
quillbot.com,15
quizizz.com,0
quizlet.com,4
r01.ru,4
rajshaladarpan.nic.in,0
ramp.accessibleweb.com,0
reasonlabs.com,5
receitatodahora.com.br,0
redirection.ubisoft.com,0
redirection.ubisoft.com,4
reference.com,31
refined.site,#N/A
refinery29.com,6
reg.ru,8
reg.ru,74
registry.in,0
resource.digital.voice.va.gov,10
responder.wt.heise.de,#N/A
revive.videobaba.xyz,2
rg.ru,34
richaudience.com,0
rochester.edu,2
rosintel.ru,4
roskazna.ru,4
rottentomatoes.com,9
royalmail.com,#N/A
rsz.sk,2
rtbhouse.com,0
rttv.ru,0
ru.sex-studentki.guru,4
ru.sex-studentki.guru,4
run.admost.com,#N/A
rutube.ru,12
rxeosevsso.com,#N/A
sakaryasahibinden.com,0
salesforceliveagent.com,4
salesforceliveagent.com,0
salesforcescrt.com,29
samagra.gov.in,0
sameksscavage.com,1
samplicio.us,8
samsung.com,4
samsung.com,4
samsung.com,4
samsungapps.com,0
samsungelectronics.com,2
sas.com,29
satta-king-fast.com,0
sattamatka.care,0
sattasport.com,#N/A
sav.com,4
sberbank.ru,6
sberdevices.ru,29
sberdevices.ru,7
sbis.ru,2
screenrant.com,1
script.dotmetrics.net,2
searchengineland.com,0
secure.logmein.com,2
seekingalpha.com,7
self.com,20
semanticscholar.org,2
sendpulse.com,2
sense.com,1
sephora.com,18
serverdata.net,0
servicewebly.com,8
sexemodel.com,0
sexhdxxx.com,2
sexvideos.host,23
sfr.fr,0
shahvani.com,0
sharethis.com,0
shinigami.id,0
shopee.co.id,6
shopee.co.th,13
shopee.com.br,12
shopee.com.my,34
shopee.ph,9
shopee.tw,10
shopee.vn,41
shrm.org,65
sinoptik.ua,1
site.com,19
siteforce.com,7
sketchfab.com,0
skyeng.ru,1
slashlib.me,4
smadex.com,0
smi2.ru,19
smilewanted.com,0
sogou.com,0
sonnen.de,0
sonnen.de,0
sophos.com,3
sophos.com,1
sourceforge.net,0
sourceforge.net,0
sport.es,10
sportradar.com,0
spotify.net,0
standard.co.uk,6
steamcommunity.com,0
store.steampowered.com,0
store.steampowered.com,0
stripe.com,0
stripe.com,0
studentaid.gov,40
studocu.com,4
substack.com,2
sueddeutsche.de,1
surbl.org,0
suumo.jp,2
sweetxladies.com,1
sxyprn.com,20
syosetu.org,26
t.me,0
t.me,0
tabor.ru,4
tandfonline.com,0
tbs.com,0
tcm.com,2
tele2.ru,14
telegram.me,0
telegram.me,0
telegram.org,0
telekom.de,2
teleprogramma.pro,8
templates.utah.edu,0
tenor.co,0
tenor.com,0
testbook.com,0
that-muscle.com,#N/A
thelancet.com,0
themeforest.net,0
theqoo.net,0
theverge.com,15
tilda.cc,2
timesofindia.indiatimes.com,43
timeweb.com,12
timeweb.com,12
timeweb.com,12
timeweb.com,12
tinder.com,4
tinder.com,4
tntdrama.com,0
todoist.com,0
tokopedia.com,1
tondae.net,2
tongdun.net,23
tools.otenet.gr,0
toyhou.se,0
tracking.g2crowd.com,60
tracking.g2crowd.com,15
tradingeconomics.com,0
transcend.io,0
transip.nl,0
trilltrill.jp,193
triplelift.com,1
triplelift.com,1
trueconf.net,0
trustarc.com,0
tsn.ua,0
tvpixel.com,0
twnic.tw,#N/A
uber.onelogin.com,0
ucommchat.unl.edu,75
ucweb.com,0
uh.edu,50
ui.com,0
ui.com,0
ui.com,1
uk-script.dotmetrics.net,4
uk.com,0
umbrella.cisco.com,0
unimelb.edu.au,0
unity.com,0
unity.com,4
univie.ac.at,0
unsplash.com,21
unsplash.com,13
uplandsoftware.com,0
upwitheaway.info,0
uq.edu.au,12
uranai.nosv.org,0
us.com,0
v-cloud.bio,0
variety.com,#N/A
venturebeat.com,0
vercel.com,0
viafoura.com,#N/A
vidazoo.com,0
video.ibm.com,1
vidoomy.com,0
visualstudio.microsoft.com,0
vl.xvideos98.xxx,0
vlxx.moe,0
walgreens.com,4
walmart.com,51
walmart.com,7
warthunder.com,#N/A
waytohey.com,0
web.de,#N/A
web.sexnhanh.co,0
webengage.com,4
webrootanywhere.com,0
webs.com,0
weibo.com,0
weibo.com,0
whos.amung.us,2
widget.1688.com,#N/A
wikibooks.org,0
wikimedia.org,2
wikimedia.org,2
wikipedia.org,3
wikipedia.org,3
wikipedia.org,3
wikisource.org,2
wiktionary.org,0
wise.com,0
womenshealthmag.com,3
worldbank.org,1
wp.nic.do,2
wpa.b.qq.com,0
wpa.b.qq.com,0
ws.nperf.com,0
wshareit.com,0
wustl.edu,1
wuzbhjpvsf.com,31
ww2.xvideos98.pro,0
www.000webhost.com,4
www.1mg.com,25
www.20minutes.fr,#N/A
www.360.cn,0
www.3bmeteo.com,4
www.4.cn,0
www.4funbox.com,4
www.69shu.com,2
www.aboutcookies.org,0
www.above.com,0
www.absher.sa,4
www.academia.edu,7
www.accuweather.com,5
www.accuweather.com,1
www.acm.org,0
www.adidas.com,43
www.adition.com,2
www.admin.ch,26
www.adroll.com,0
www.adultswim.com,0
www.adweek.com,6
www.aeroflot.ru,9
www.afternic.com,10
www.alarabiya.net,1
www.alchemer.com,0
www.allianz.de,0
www.alltrails.com,1
www.amarujala.com,4
www.amazon.co.jp,#N/A
www.amazon.co.uk,#N/A
www.anu.edu.au,3
www.appsflyer.com,0
www.appsflyer.com,0
www.arcxp.com,1
www.aruba.it,1
www.atlasobscura.com,8
www.au.com,1
www.autodesk.com,218
www.autotrader.com,83
www.auvik.com,0
www.avast.com,2
www.avast.com,0
www.avira.com,1
www.awin.com,3
www.bankofamerica.com,12
www.bartarinha.ir,4
www.bbcgoodfood.com,5
www.behance.net,20
www.behance.net,2
www.belkin.com,2
www.bell-labs.com,12
www.benzinga.com,86
www.bigcommerce.com,#N/A
www.bigolive.tv,2
www.bitdefender.com,4
www.bitdefender.com,4
www.bitrix24.ru,5
www.bitrix24.ru,3
www.bittorrent.com,0
www.blizzard.com,0
www.bluestacks.com,0
www.bluewin.ch,2
www.bmw.com,0
www.bndes.gov.br,5
www.boeing.com,0
www.boredpanda.com,3
www.brightcloud.com,0
www.britishcouncil.org,5
www.buffalo.edu,2
www.buienradar.nl,4
www.businessinsider.com,30
www.businessinsider.com,36
www.bustle.com,6
www.byrpex.com,5
www.cafepress.com,1
www.canada.ca,7
www.canva.cn,#N/A
www.capcut.com,0
www.cargurus.com,3
www.cars.com,25
www.cbr.com,2
www.cdek.ru,16
www.cengage.com,2
www.census.gov,5
www.cgtn.com,0
www.channelnewsasia.com,6
www.checkpoint.com,2
www.checkpoint.com,4
www.chordtela.com,136
www.chron.com,3
www.cisco.com,0
www.cisco.com,4
www.cityheaven.net,0
www.clarity.ms,161
www.clarity.ms,193
www.clarity.ms,212
www.clarity.ms,217
www.clarity.ms,226
www.clarity.ms,226
www.clarity.ms,226
www.classdojo.com,0
www.clickagy.com,0
www.clicktripz.com,0
www.cnr.it,16
www.cnrs.fr,0
www.coco.gg,0
www.coe.int,0
www.colamanhua.com,0
www.cookiebot.com,0
www.corel.com,3
www.costco.com,15
www.coursehero.com,19
www.crazyegg.com,12
www.credit-agricole.fr,0
www.criteo.com,24
www.criteo.com,24
www.criteo.com,24
www.criteo.com,24
www.criteo.com,24
www.csmonitor.com,4
www.cvs.com,0
www.cyberark.com,14
www.d-deltanet.com,19
www.dafont.com,0
www.dailydot.com,124
www.dailyrecord.co.uk,2
www.dailystar.co.uk,4
www.db.com,0
www.deltadna.net,0
www.derstandard.at,0
www.desjardins.com,4
www.destacamos.com,0
www.dhl.de,2
www.dickssportinggoods.com,0
www.dictionary.com,#N/A
www.digitaleast.mobi,0
www.discoveryuk.com,#N/A
www.dmca.com,0
www.dnaindia.com,242
www.docusign.com,3
www.dogdrip.net,7
www.domaintools.com,#N/A
www.dominos.com,0
www.dondominio.com,0
www.douyin.com,7
www.douyin.com,2
www.doxygen.nl,2
www.dreamhost.com,4
www.dropbox.com,0
www.dropbox.com,0
www.dropbox.com,2
www.drugs.com,0
www.drupal.org,3
www.dto.jp,0
www.duolingo.com,4
www.dynamicyield.com,0
www.ea.com,1
www.easy.ac,0
www.easyjet.com,21
www.eater.com,2
www.ecobee.com,25
www.edmunds.com,2
www.ehow.com,0
www.elbalad.news,2
www.elespanol.com,5
www.enlightenment.org,0
www.entergy.com,8
www.entrepreneur.com,2
www.epam.com,9
www.eporner.com,11
www.erome.com,1
www.esa.int,0
www.espn.com,0
www.espn.com,0
www.espncricinfo.com,0
www.eurekalert.org,7
www.extra.cz,33
www.fanduel.com,27
www.fao.org,26
www.federalregister.gov,0
www.fedex.com,5
www.fifa.com,0
www.fisglobal.com,2
www.fitbit.com,3
www.flaticon.com,1
www.fmkorea.com,3
www.foodnetwork.com,7
www.fortinet.com,0
www.fortinet.com,0
www.france24.com,6
www.free.fr,0
www.free.fr,0
www.freepik.com,3
www.fuq.com,0
www.g2.com,39
www.gallup.com,0
www.gartner.com,96
www.gatech.edu,12
www.gazprombank.ru,97
www.gemius.pl,0
www.geny.com,0
www.gettyimages.co.uk,4
www.gigaset.com,0
www.globalsign.com,0
www.globalsign.com,0
www.gmx.net,0
www.goo.ne.jp,296
www.goodreads.com,1
www.goodreads.com,1
www.google.com,#N/A
www.goojara.to,0
www.goto.com,2
www.goto.com,2
www.gov.br,0
www.gov.cn,0
www.gov.uk,#N/A
www.gov.uk,#N/A
www.gov.uk,#N/A
www.haber7.com,#N/A
www.haberler.com,4
www.hamshahrionline.ir,#N/A
www.hbomax.com,0
www.hbomax.com,0
www.hdfcbank.com,1
www.heart.org,0
www.hetzner.com,#N/A
www.hgtv.com,1
www.hostinger.com,1
www.hotpepper.jp,3
www.hotstar.com,0
www.houzz.com,0
www.hover.com,0
www.howtogeek.com,0
www.hoyoverse.com,0
www.hp.com,2
www.hp.com,2
www.huawei.com,#N/A
www.huawei.com,#N/A
www.hugedomains.com,0
www.huobi.com,4
www.hurriyet.com.tr,2
www.ibtimes.com,4
www.identrust.com,0
www.ieee.org,0
www.ign.com,15
www.iinet.net.au,0
www.ilo.org,102
www.immobilienscout24.de,0
www.index.hr,12
www.indiegogo.com,1
www.infomaniak.com,2
www.infomaniak.com,2
www.infonline.de,0
www.infonline.de,2
www.infoseek.co.jp,832
www.ingenuitycloudservices.com,6
www.inmobi.com,0
www.inmotionhosting.com,0
www.innovid.com,2
www.innovid.com,1
www.inquirer.com,41
www.insider.com,17
www.instacart.com,6
www.intentiq.com,12
www.invisalign.com,#N/A
www.ipcc.ch,0
www.iponweb.com,3
www.iso.org,0
www.iso.org,0
www.ispot.tv,1
www.istockphoto.com,0
www.itu.int,24
www.iubenda.com,0
www.ixxx.com,0
www.jagex.com,0
www.jalan.net,20
www.japantimes.co.jp,212
www.jedox.com,1
www.jio.com,0
www.jivosite.com,0
www.johnnys-web.com,0
www.jstor.org,0
www.just-eat.co.uk,0
www.justwatch.com,4
www.karnataka.gov.in,0
www.kaspersky.co.uk,4
www.kaspersky.co.uk,4
www.kayak.com,2
www.king.com,2
www.klarna.com,0
www.kleinanzeigen.de,8
www.kochava.com,4
www.kroger.com,77
www.kurir.rs,#N/A
www.lavanguardia.com,#N/A
www.leagueoflegends.com,0
www.leagueoflegends.com,0
www.learncbse.in,1
www.leercapitulo.com,6
www.leroymerlin.es,1
www.leroymerlin.fr,0
www.liberation.fr,0
www.lifehack.org,0
www.linkedin.com,10
www.linkedin.com,1
www.livedoor.com,23
www.liveinternet.ru,5
www.liverpoolecho.co.uk,4
www.livestrong.com,0
www.logitech.com,4
www.loopia.se,0
www.lu.se,0
www.made-in-china.com,11
www.mailerlite.com,0
www.makeuseof.com,0
www.manchestereveningnews.co.uk,10
www.manitu.de,0
www.manitu.de,2
www.manoramaonline.com,11
www.manyvids.com,3
www.maricopa.gov,0
www.marriott.com,8
www.marriott.com,8
www.marshmclennan.com,6
www.max.com,9
www.mcdonalds.com,0
www.medallia.com,#N/A
www.mediarithmics.com,0
www.mediatek.com,0
www.meesho.com,0
www.meetup.com,0
www.mentalfloss.com,8
www.mercari.com,5
www.merriam-webster.com,54
www.michigan.gov,#N/A
www.microsoft.com,12
www.microsoft.com,1
www.microsoft.com,1
www.microsoft.com,2
www.microsoft.com,4
www.microsoft.com,4
www.microsoft.com,5
www.microsoft.com,5
www.microsoft.com,6
www.microsoft.com,7
www.microsoft.com,8
www.microsoft.com,9
www.microsoft.com,13
www.mimecast.com,0
www.mimecast.com,0
www.minhngoc.net.vn,13
www.mintegral.com,4
www.mintegral.com,6
www.mirror.co.uk,3
www.mo.gov,2
www.mob.com,1
www.mobilityware.com,4
www.moloco.com,9
www.monster.com,70
www.mos.ru,34
www.mozilla.org,0
www.mozilla.org,0
www.mozilla.org,0
www.mozilla.org,3
www.mozilla.org,3
www.mozilla.org,3
www.mpg.de,0
www.msi.com,0
www.msu.ru,2
www.mtv.com,0
www.mvideo.ru,12
www.mycustomcase.com,1
www.mydlink.com,11
www.myfitnesspal.com,1
www.myfritz.net,0
www.myfritz.net,0
www.myharmony.com,0
www.myhostadmin.net,0
www.mynet.com,10
www.myqnapcloud.com,0
www.mysterium.network,0
www.nairaland.com,0
www.nalog.gov.ru,6
www.name.com,4
www.name.com,0
www.namebright.com,0
www.namecheap.com,2
www.nationalgeographic.com,2
www.nazwa.pl,16
www.nbcsports.com,0
www.ncsu.edu,4
www.ndr.de,1
www.nejm.org,25
www.netgear.com,9
www.netlify.com,4
www.netlify.com,34
www.netsuite.com,9
www.newsbreak.com,20
www.newsbreakapp.com,8
www.newscientist.com,#N/A
www.newsweek.com,27
www.next.co.uk,14
www.nexusmods.com,1
www.nginx.com,4
www.nginx.com,8
www.nhs.uk,0
www.nic.ru,10
www.nic.ru,6
www.nic.ru,9
www.nicehash.com,0
www.ninisite.com,0
www.noip.com,2
www.noip.com,0
www.nokia.com,5
www.nps.gov,0
www.nuance.com,0
www.ocn.ne.jp,#N/A
www.oddspark.com,15
www.odoo.com,0
www.office.com,2
www.office.com,0
www.office.com,2
www.office.com,2
www.office.com,4
www.office.com,10
www.okta.com,0
www.onenote.com,8
www.onenote.com,2
www.onlamp.com,#N/A
www.openstreetmap.org,2
www.opensuse.org,2
www.openweb.com,2
www.optimizely.com,1
www.oracle.com,4
www.oracle.com,1
www.oracle.com,1
www.oray.com,6
www.oreilly.com,0
www.ouedkniss.com,2
www.ox.ac.uk,0
www.parklogic.com,0
www.pavietnam.vn,2
www.pcgamer.com,5
www.peacocktv.com,3
www.petfinder.com,4
www.petsmart.com,1
www.philips.co.uk,4
www.photoaffections.com,1
www.pinterest.ca,0
www.pinterest.co.uk,2
www.pinterest.com,2
www.pinterest.com,2
www.pinterest.com,2
www.pinterest.com,2
www.pinterest.de,2
www.pinterest.es,2
www.pinterest.fr,2
www.pixiv.net,9
www.placed.com,61
www.plala.or.jp,0
www.planethoster.com,0
www.playstation.com,1
www.popsugar.com,3
www.porn300.com,1
www.pornpics.com,0
www.pravda.com.ua,#N/A
www.primis.tech,1
www.privacyshield.gov,0
www.projecthoneypot.org,0
www.prokerala.com,6
www.promiedos.com.ar,13
www.proquest.com,0
www.proximus.be,0
www.ps.kz,4
www.pt.pt,0
www.publi24.ro,2
www.public.iotechnologies.com,1
www.publicstuff.com,0
www.purdue.edu,5
www.qnap.com,4
www.qorno.com,0
www.r7.com,33
www.rakuten.co.jp,#N/A
www.rakuten.com,2
www.rapid7.com,2
www.rbc.ru,157
www.realtor.com,363
www.redfin.com,2
www.remove.bg,0
www.reuters.com,20
www.reuters.com,30
www.revcontent.com,2
www.rfc-editor.org,0
www.rightmove.co.uk,1
www.ripn.su,4
www.rokna.net,5
www.rosneft.ru,1
www.rsc.org,0
www.rte.ie,4
www.rudderstack.com,#N/A
www.rusprofile.ru,4
www.rutgers.edu,1
www.samba.tv,2
www.samsung.com,8
www.samsungknox.com,0
www.sc.pages03.net,0
www.searchenginejournal.com,5
www.sectigo.com,0
www.serveriai.lt,3
www.serviporno.com,2
www.sex.com,0
www.sfgate.com,4
www.shaw.ca,8
www.shomanews.com,0
www.shutterstock.com,2
www.si.com,22
www.si.edu,2
www.sikayetvar.com,0
www.simplytoimpress.com,1
www.singular.net,9
www.sinsay.com,0
www.siriusxm.com,8
www.sjtu.edu.cn,0
www.skole.hr,1
www.skroutz.gr,0
www.skype.com,2
www.skype.com,2
www.skype.com,2
www.skyscanner.net,0
www.sofascore.com,6
www.sonicwall.com,0
www.southwest.com,12
www.sozcu.com.tr,4
www.sparklight.com,0
www.spectrum.com,2
www.speedtest.net,3
www.speedtest.net,1
www.spglobal.com,2
www.splashtop.com,0
www.sportybet.com,4
www.sprinklr.com,2
www.squarespace.com,2
www.squarespace.com,2
www.ss.com,0
www.stackadapt.com,1
www.starlink.com,0
www.startpagina.nl,4
www.sto.cx,9
www.straitstimes.com,3
www.strikingly.com,0
www.surf.nl,4
www.swisscom.ch,2
www.swisscom.ch,2
www.swisscom.ch,2
www.swrve.com,0
www.system-monitor.com,0
www.t-online.de,4
www.tamildhool.net,69
www.tappx.com,1
www.teads.com,0
www.teads.com,0
www.team-cymru.com,0
www.techrepublic.com,0
www.ted.com,23
www.ted.com,23
www.telekom.hu,0
www.telstra.com.au,3
www.telstra.com.au,7
www.terabox.com,12
www.texas.gov,4
www.the-sun.com,2
www.thedailybeast.com,5
www.themoviedb.org,0
www.therealreal.com,15
www.thestar.com.my,13
www.thesun.co.uk,12
www.thingiverse.com,0
www.thomsonreuters.com,1
www.thomsonreuters.com,7
www.threatlocker.com,23
www.thscore.mobi,0
www.tjsp.jus.br,0
www.tnaflix.com,94
www.tokyomotion.net,3
www.toppr.com,2
www.toutiao.com,2
www.tractorsupply.com,12
www.tradedoubler.com,6
www.trafficjunky.com,4
www.transfermarkt.com.tr,#N/A
www.transunion.com,11
www.treasuredata.com,0
www.trulia.com,7
www.tumblr.com,15
www.tumblr.com,17
www.tumblr.com,23
www.tutorialspoint.com,0
www.ualberta.ca,36
www.uber.com,1
www.uber.com,8
www.uchicago.edu,0
www.ucla.edu,1
www.ucsc.edu,0
www.udel.edu,6
www.uhc.com,9
www.ulta.com,85
www.un.org,0
www.un.org,0
www.unam.mx,0
www.undertone.com,0
www.united.com,73
www.unrealengine.com,0
www.unsw.edu.au,25
www.urbandictionary.com,1
www.usc.edu,1
www.usgs.gov,0
www.utorrent.com,0
www.varzesh3.com,3
www.verisign.com,2
www.verisign.com,2
www.verkada.com,3
www.viator.com,2
www.viber.com,0
www.virginia.gov,28
www.vox.com,0
www.wampserver.com,0
www.wandera.com,0
www.warnermedia.com,0
www.watchguard.com,0
www.waze.com,0
www.weathercn.com,0
www.webempresa.com,63
www.webex.com,2
www.webex.com,1
www.webex.com,3
www.webex.com,3
www.webnode.com,0
www.websupport.sk,8
www.welt.de,0
www.wiley.com,8
www.wiley.com,22
www.winzogames.com,2
www.wired.co.uk,2
www.worldtimeserver.com,4
www.wowhead.com,80
www.wuxiap.com,0
www.wuxiap.com,0
www.wyze.com,19
www.xda-developers.com,2
www.xero.com,20
www.xing.com,4
www.y2mate.com,0
www.yale.edu,0
www.ycombinator.com,0
www.yomiuri.co.jp,57
www.youjizz.com,31
www.yumpu.com,0
www.zee5.com,0
www.zenon.net,4
www.zoho.com,0
www.zomato.com,14
www.zulily.com,9
www1.flightrising.com,0
www2.branch.io,2
www2.branch.io,2
www2.branch.io,0
x7r3mk6ldr.com,6
xinhuanet.com,0
xsl.pt,0
xxx18hot.com,0
yadro.ru,0
yaoilib.me,4
yolasite.com,0
youdao.com,0
youku.com,8
yts.mx,2
yutex.ru,13
zapier.com,20
zazzle.com,11
zeasn.tv,0
zhihu.com,0
zohopublic.com,0
zuimeitianqi.com,0